account_id,predicted_label,risk_score,risk_category
0,0,0.01,SAFE
1,0,0.01,SAFE
2,0,0.01,SAFE
3,0,0.01,SAFE
4,0,0.01,SAFE
5,0,0.01,SAFE
6,0,0.01,SAFE
7,0,0.01,SAFE
8,0,0.01,SAFE
9,0,0.01,SAFE
10,0,0.01,SAFE
11,0,0.01,SAFE
12,0,0.01,SAFE
13,0,0.01,SAFE
14,0,0.01,SAFE
15,0,0.01,SAFE
16,0,0.01,SAFE
17,0,0.01,SAFE
18,0,0.01,SAFE
19,0,0.01,SAFE
20,0,0.01,SAFE
21,0,0.01,SAFE
22,0,0.01,SAFE
23,0,0.01,SAFE
24,0,0.01,SAFE
25,0,0.01,SAFE
26,0,0.01,SAFE
27,0,0.01,SAFE
28,0,0.01,SAFE
29,0,0.01,SAFE
30,0,0.01,SAFE
31,0,0.01,SAFE
32,0,0.01,SAFE
33,0,0.01,SAFE
34,0,0.01,SAFE
35,0,0.01,SAFE
36,0,0.01,SAFE
37,0,0.01,SAFE
38,0,0.01,SAFE
39,0,0.01,SAFE
40,0,0.01,SAFE
41,0,0.01,SAFE
42,0,0.01,SAFE
43,0,0.01,SAFE
44,0,0.01,SAFE
45,0,0.01,SAFE
46,0,0.01,SAFE
47,0,0.01,SAFE
48,0,0.01,SAFE
49,0,0.01,SAFE
50,0,0.01,SAFE
51,0,0.01,SAFE
52,0,0.01,SAFE
53,0,0.01,SAFE
54,0,0.01,SAFE
55,1,100.0,HIGH RISK
56,0,0.01,SAFE
57,0,0.01,SAFE
58,0,0.01,SAFE
59,0,0.01,SAFE
60,0,0.01,SAFE
61,0,0.01,SAFE
62,0,0.01,SAFE
63,0,0.01,SAFE
64,0,0.01,SAFE
65,0,0.01,SAFE
66,0,0.01,SAFE
67,0,0.01,SAFE
68,0,0.01,SAFE
69,0,0.01,SAFE
70,0,0.01,SAFE
71,0,0.01,SAFE
72,0,0.01,SAFE
73,0,0.01,SAFE
74,0,0.01,SAFE
75,0,0.01,SAFE
76,0,0.01,SAFE
77,0,0.01,SAFE
78,0,0.01,SAFE
79,0,0.01,SAFE
80,0,0.01,SAFE
81,0,0.01,SAFE
82,0,0.01,SAFE
83,0,0.01,SAFE
84,0,0.01,SAFE
85,0,0.01,SAFE
86,0,0.01,SAFE
87,0,0.01,SAFE
88,0,0.01,SAFE
89,0,0.01,SAFE
90,0,0.01,SAFE
91,0,0.01,SAFE
92,0,0.01,SAFE
93,0,0.01,SAFE
94,0,0.01,SAFE
95,0,0.01,SAFE
96,0,0.01,SAFE
97,0,0.01,SAFE
98,1,100.0,HIGH RISK
99,0,0.01,SAFE
100,0,0.01,SAFE
101,0,0.01,SAFE
102,0,0.01,SAFE
103,0,0.01,SAFE
104,0,0.01,SAFE
105,0,0.01,SAFE
106,0,0.01,SAFE
107,0,0.01,SAFE
108,0,0.01,SAFE
109,0,0.01,SAFE
110,0,0.01,SAFE
111,0,0.01,SAFE
112,0,0.01,SAFE
113,0,0.01,SAFE
114,0,0.01,SAFE
115,0,0.01,SAFE
116,0,0.01,SAFE
117,0,0.01,SAFE
118,0,0.01,SAFE
119,0,0.01,SAFE
120,0,0.01,SAFE
121,0,0.01,SAFE
122,0,0.01,SAFE
123,0,0.01,SAFE
124,0,0.01,SAFE
125,0,0.01,SAFE
126,0,0.01,SAFE
127,0,0.01,SAFE
128,0,0.01,SAFE
129,0,0.01,SAFE
130,0,0.01,SAFE
131,0,0.01,SAFE
132,0,0.01,SAFE
133,0,0.01,SAFE
134,0,0.01,SAFE
135,0,0.01,SAFE
136,0,0.01,SAFE
137,0,0.01,SAFE
138,0,0.01,SAFE
139,0,0.01,SAFE
140,0,0.01,SAFE
141,0,0.01,SAFE
142,0,0.01,SAFE
143,0,0.01,SAFE
144,0,0.01,SAFE
145,0,0.01,SAFE
146,0,0.01,SAFE
147,0,0.01,SAFE
148,0,0.01,SAFE
149,0,0.01,SAFE
150,0,0.01,SAFE
151,0,0.01,SAFE
152,0,0.01,SAFE
153,0,0.01,SAFE
154,0,0.01,SAFE
155,0,0.01,SAFE
156,0,0.01,SAFE
157,0,0.01,SAFE
158,0,0.01,SAFE
159,0,0.01,SAFE
160,0,0.01,SAFE
161,0,0.01,SAFE
162,0,0.01,SAFE
163,0,0.01,SAFE
164,0,0.01,SAFE
165,0,0.01,SAFE
166,0,0.01,SAFE
167,0,0.01,SAFE
168,0,0.01,SAFE
169,0,0.01,SAFE
170,0,0.01,SAFE
171,0,0.01,SAFE
172,0,0.01,SAFE
173,0,0.01,SAFE
174,0,0.01,SAFE
175,0,0.01,SAFE
176,0,0.01,SAFE
177,0,0.01,SAFE
178,0,0.01,SAFE
179,0,0.01,SAFE
180,0,0.01,SAFE
181,0,0.01,SAFE
182,0,0.01,SAFE
183,0,0.01,SAFE
184,0,0.01,SAFE
185,0,0.01,SAFE
186,0,0.01,SAFE
187,0,0.01,SAFE
188,0,0.01,SAFE
189,0,0.01,SAFE
190,0,0.01,SAFE
191,0,0.01,SAFE
192,0,0.01,SAFE
193,0,0.01,SAFE
194,0,0.01,SAFE
195,0,0.01,SAFE
196,0,0.01,SAFE
197,0,0.01,SAFE
198,0,0.01,SAFE
199,0,0.01,SAFE
200,0,0.01,SAFE
201,0,0.01,SAFE
202,0,0.01,SAFE
203,0,0.01,SAFE
204,0,0.01,SAFE
205,0,0.01,SAFE
206,0,0.01,SAFE
207,0,0.01,SAFE
208,0,0.01,SAFE
209,0,0.01,SAFE
210,0,0.01,SAFE
211,0,0.01,SAFE
212,0,0.01,SAFE
213,0,0.01,SAFE
214,0,0.01,SAFE
215,0,0.01,SAFE
216,0,0.01,SAFE
217,1,100.0,HIGH RISK
218,0,0.01,SAFE
219,0,0.01,SAFE
220,0,0.01,SAFE
221,0,0.01,SAFE
222,0,0.01,SAFE
223,0,0.01,SAFE
224,0,0.01,SAFE
225,0,0.01,SAFE
226,0,0.01,SAFE
227,0,0.01,SAFE
228,0,0.01,SAFE
229,0,0.01,SAFE
230,0,0.01,SAFE
231,0,0.01,SAFE
232,0,0.01,SAFE
233,0,0.01,SAFE
234,0,0.01,SAFE
235,0,0.01,SAFE
236,0,0.01,SAFE
237,0,0.01,SAFE
238,0,0.01,SAFE
239,0,0.01,SAFE
240,0,0.01,SAFE
241,0,0.01,SAFE
242,0,0.01,SAFE
243,0,0.01,SAFE
244,0,0.01,SAFE
245,0,0.01,SAFE
246,0,0.01,SAFE
247,0,0.01,SAFE
248,0,0.01,SAFE
249,0,0.01,SAFE
250,0,0.01,SAFE
251,0,0.01,SAFE
252,0,0.01,SAFE
253,0,0.01,SAFE
254,0,0.01,SAFE
255,0,0.01,SAFE
256,0,0.01,SAFE
257,0,0.01,SAFE
258,0,0.01,SAFE
259,0,0.01,SAFE
260,0,0.01,SAFE
261,0,0.01,SAFE
262,0,0.01,SAFE
263,0,0.01,SAFE
264,0,0.01,SAFE
265,0,0.01,SAFE
266,0,0.01,SAFE
267,0,0.01,SAFE
268,0,0.01,SAFE
269,0,0.01,SAFE
270,0,0.01,SAFE
271,0,0.01,SAFE
272,0,0.01,SAFE
273,0,0.01,SAFE
274,0,0.01,SAFE
275,0,0.01,SAFE
276,0,0.01,SAFE
277,0,0.01,SAFE
278,0,0.01,SAFE
279,0,0.01,SAFE
280,0,0.01,SAFE
281,0,0.01,SAFE
282,0,0.01,SAFE
283,0,0.01,SAFE
284,0,0.01,SAFE
285,0,0.01,SAFE
286,0,0.01,SAFE
287,0,0.01,SAFE
288,0,0.01,SAFE
289,0,0.01,SAFE
290,0,0.01,SAFE
291,0,0.01,SAFE
292,0,0.01,SAFE
293,0,0.01,SAFE
294,0,0.01,SAFE
295,0,0.01,SAFE
296,0,0.01,SAFE
297,0,0.01,SAFE
298,0,0.01,SAFE
299,0,0.01,SAFE
300,0,0.01,SAFE
301,0,0.01,SAFE
302,0,0.01,SAFE
303,0,0.01,SAFE
304,0,0.01,SAFE
305,0,0.01,SAFE
306,0,0.01,SAFE
307,0,0.01,SAFE
308,0,0.01,SAFE
309,0,0.01,SAFE
310,0,0.01,SAFE
311,0,0.01,SAFE
312,0,0.01,SAFE
313,0,0.01,SAFE
314,0,0.01,SAFE
315,0,0.01,SAFE
316,0,0.01,SAFE
317,0,0.01,SAFE
318,0,0.01,SAFE
319,0,0.01,SAFE
320,0,0.01,SAFE
321,0,0.01,SAFE
322,0,0.01,SAFE
323,0,0.01,SAFE
324,0,0.01,SAFE
325,0,0.01,SAFE
326,0,0.01,SAFE
327,0,0.01,SAFE
328,0,0.01,SAFE
329,0,0.01,SAFE
330,0,0.01,SAFE
331,0,0.01,SAFE
332,0,0.01,SAFE
333,0,0.01,SAFE
334,0,0.01,SAFE
335,0,0.01,SAFE
336,0,0.01,SAFE
337,0,0.01,SAFE
338,0,0.01,SAFE
339,0,0.01,SAFE
340,0,0.01,SAFE
341,0,0.01,SAFE
342,0,0.01,SAFE
343,0,0.01,SAFE
344,0,0.01,SAFE
345,0,0.01,SAFE
346,0,0.01,SAFE
347,0,0.01,SAFE
348,0,0.01,SAFE
349,0,0.01,SAFE
350,0,0.01,SAFE
351,0,0.01,SAFE
352,0,0.01,SAFE
353,0,0.01,SAFE
354,0,0.01,SAFE
355,0,0.01,SAFE
356,0,0.01,SAFE
357,0,0.01,SAFE
358,0,0.01,SAFE
359,0,0.01,SAFE
360,0,0.01,SAFE
361,0,0.01,SAFE
362,0,0.01,SAFE
363,0,0.01,SAFE
364,0,0.01,SAFE
365,0,0.01,SAFE
366,0,0.01,SAFE
367,0,0.01,SAFE
368,0,0.01,SAFE
369,0,0.01,SAFE
370,0,0.01,SAFE
371,0,0.01,SAFE
372,0,0.01,SAFE
373,0,0.01,SAFE
374,0,0.01,SAFE
375,0,0.01,SAFE
376,0,0.01,SAFE
377,0,0.01,SAFE
378,0,0.01,SAFE
379,0,0.01,SAFE
380,0,0.01,SAFE
381,0,0.01,SAFE
382,0,0.01,SAFE
383,0,0.01,SAFE
384,0,0.01,SAFE
385,0,0.01,SAFE
386,0,0.01,SAFE
387,0,0.01,SAFE
388,0,0.01,SAFE
389,0,0.01,SAFE
390,0,0.01,SAFE
391,0,0.01,SAFE
392,0,0.01,SAFE
393,0,0.01,SAFE
394,0,0.01,SAFE
395,0,0.01,SAFE
396,0,0.01,SAFE
397,0,0.01,SAFE
398,0,0.01,SAFE
399,0,0.01,SAFE
400,0,0.01,SAFE
401,0,0.01,SAFE
402,0,0.01,SAFE
403,0,0.01,SAFE
404,0,0.01,SAFE
405,0,0.01,SAFE
406,0,0.01,SAFE
407,0,0.01,SAFE
408,0,0.01,SAFE
409,0,0.01,SAFE
410,0,0.01,SAFE
411,0,0.01,SAFE
412,0,0.01,SAFE
413,0,0.01,SAFE
414,0,0.01,SAFE
415,0,0.01,SAFE
416,0,0.01,SAFE
417,0,0.01,SAFE
418,0,0.01,SAFE
419,0,0.01,SAFE
420,0,0.01,SAFE
421,0,0.01,SAFE
422,0,0.01,SAFE
423,0,0.01,SAFE
424,0,0.01,SAFE
425,0,0.01,SAFE
426,0,0.01,SAFE
427,0,0.01,SAFE
428,0,0.01,SAFE
429,0,0.01,SAFE
430,0,0.01,SAFE
431,0,0.01,SAFE
432,0,0.01,SAFE
433,0,0.01,SAFE
434,0,0.01,SAFE
435,0,0.01,SAFE
436,0,0.01,SAFE
437,0,0.01,SAFE
438,0,0.01,SAFE
439,0,0.01,SAFE
440,0,0.01,SAFE
441,0,0.01,SAFE
442,0,0.01,SAFE
443,0,0.01,SAFE
444,0,0.01,SAFE
445,0,0.01,SAFE
446,0,0.01,SAFE
447,0,0.01,SAFE
448,0,0.01,SAFE
449,0,0.01,SAFE
450,0,0.01,SAFE
451,0,0.01,SAFE
452,0,0.01,SAFE
453,0,0.01,SAFE
454,0,0.01,SAFE
455,0,0.01,SAFE
456,0,0.01,SAFE
457,0,0.01,SAFE
458,0,0.01,SAFE
459,0,0.01,SAFE
460,0,0.01,SAFE
461,0,0.01,SAFE
462,0,0.01,SAFE
463,0,0.01,SAFE
464,0,0.01,SAFE
465,0,0.01,SAFE
466,0,0.01,SAFE
467,0,0.01,SAFE
468,0,0.01,SAFE
469,0,0.01,SAFE
470,0,0.01,SAFE
471,0,0.01,SAFE
472,0,0.01,SAFE
473,0,0.01,SAFE
474,0,0.01,SAFE
475,0,0.01,SAFE
476,0,0.01,SAFE
477,0,0.01,SAFE
478,0,0.01,SAFE
479,0,0.01,SAFE
480,0,0.01,SAFE
481,0,0.01,SAFE
482,0,0.01,SAFE
483,0,0.01,SAFE
484,0,0.01,SAFE
485,0,0.01,SAFE
486,0,0.01,SAFE
487,0,0.01,SAFE
488,0,0.01,SAFE
489,0,0.01,SAFE
490,0,0.01,SAFE
491,0,0.01,SAFE
492,0,0.01,SAFE
493,0,0.01,SAFE
494,0,0.01,SAFE
495,0,0.01,SAFE
496,0,0.01,SAFE
497,1,100.0,HIGH RISK
498,0,0.01,SAFE
499,0,0.01,SAFE
500,0,0.01,SAFE
501,0,0.01,SAFE
502,0,0.01,SAFE
503,0,0.01,SAFE
504,0,0.01,SAFE
505,0,0.01,SAFE
506,0,0.01,SAFE
507,0,0.01,SAFE
508,0,0.01,SAFE
509,0,0.01,SAFE
510,0,0.01,SAFE
511,0,0.01,SAFE
512,0,0.01,SAFE
513,0,0.01,SAFE
514,0,0.01,SAFE
515,0,0.01,SAFE
516,0,0.01,SAFE
517,0,0.01,SAFE
518,0,0.01,SAFE
519,0,0.01,SAFE
520,0,0.01,SAFE
521,0,0.01,SAFE
522,0,0.01,SAFE
523,0,0.01,SAFE
524,0,0.01,SAFE
525,0,0.01,SAFE
526,0,0.01,SAFE
527,0,0.01,SAFE
528,0,0.01,SAFE
529,0,0.01,SAFE
530,0,0.01,SAFE
531,0,0.01,SAFE
532,0,0.01,SAFE
533,0,0.01,SAFE
534,0,0.01,SAFE
535,0,0.01,SAFE
536,0,0.01,SAFE
537,0,0.01,SAFE
538,0,0.01,SAFE
539,0,0.01,SAFE
540,0,0.01,SAFE
541,0,0.01,SAFE
542,0,0.01,SAFE
543,0,0.01,SAFE
544,0,0.01,SAFE
545,0,0.01,SAFE
546,0,0.01,SAFE
547,0,0.01,SAFE
548,0,0.01,SAFE
549,0,0.01,SAFE
550,0,0.01,SAFE
551,0,0.01,SAFE
552,0,0.01,SAFE
553,0,0.01,SAFE
554,0,0.01,SAFE
555,0,0.01,SAFE
556,0,0.01,SAFE
557,0,0.01,SAFE
558,0,0.01,SAFE
559,0,0.01,SAFE
560,0,0.01,SAFE
561,0,0.01,SAFE
562,0,0.01,SAFE
563,0,0.01,SAFE
564,0,0.01,SAFE
565,0,0.01,SAFE
566,0,0.01,SAFE
567,0,0.01,SAFE
568,0,0.01,SAFE
569,0,0.01,SAFE
570,0,0.01,SAFE
571,0,0.01,SAFE
572,0,0.01,SAFE
573,0,0.01,SAFE
574,0,0.01,SAFE
575,0,0.01,SAFE
576,0,0.01,SAFE
577,0,0.01,SAFE
578,0,0.01,SAFE
579,0,0.01,SAFE
580,0,0.01,SAFE
581,0,0.01,SAFE
582,0,0.01,SAFE
583,0,0.01,SAFE
584,0,0.01,SAFE
585,0,0.01,SAFE
586,0,0.01,SAFE
587,0,0.01,SAFE
588,0,0.01,SAFE
589,0,0.01,SAFE
590,0,0.01,SAFE
591,0,0.01,SAFE
592,0,0.01,SAFE
593,0,0.01,SAFE
594,0,0.01,SAFE
595,0,0.01,SAFE
596,0,0.01,SAFE
597,0,0.01,SAFE
598,0,0.01,SAFE
599,0,0.01,SAFE
600,0,0.01,SAFE
601,0,0.01,SAFE
602,0,0.01,SAFE
603,0,0.01,SAFE
604,0,0.01,SAFE
605,0,0.01,SAFE
606,0,0.01,SAFE
607,0,0.01,SAFE
608,0,0.01,SAFE
609,0,0.01,SAFE
610,0,0.01,SAFE
611,0,0.01,SAFE
612,0,0.01,SAFE
613,0,0.01,SAFE
614,0,0.01,SAFE
615,0,0.01,SAFE
616,0,0.01,SAFE
617,0,0.01,SAFE
618,0,0.01,SAFE
619,0,0.01,SAFE
620,0,0.01,SAFE
621,0,0.01,SAFE
622,0,0.01,SAFE
623,0,0.01,SAFE
624,0,0.01,SAFE
625,0,0.01,SAFE
626,0,0.01,SAFE
627,0,0.01,SAFE
628,0,0.01,SAFE
629,0,0.01,SAFE
630,0,0.01,SAFE
631,0,0.01,SAFE
632,0,0.01,SAFE
633,0,0.01,SAFE
634,0,0.01,SAFE
635,0,0.01,SAFE
636,0,0.01,SAFE
637,0,0.01,SAFE
638,0,0.01,SAFE
639,0,0.01,SAFE
640,0,0.01,SAFE
641,0,0.01,SAFE
642,0,0.01,SAFE
643,0,0.01,SAFE
644,0,0.01,SAFE
645,0,0.01,SAFE
646,0,0.01,SAFE
647,0,0.01,SAFE
648,0,0.01,SAFE
649,0,0.01,SAFE
650,0,0.01,SAFE
651,0,0.01,SAFE
652,0,0.01,SAFE
653,0,0.01,SAFE
654,0,0.01,SAFE
655,0,0.01,SAFE
656,0,0.01,SAFE
657,0,0.01,SAFE
658,0,0.01,SAFE
659,0,0.01,SAFE
660,0,0.01,SAFE
661,0,0.01,SAFE
662,0,0.01,SAFE
663,0,0.01,SAFE
664,0,0.01,SAFE
665,0,0.01,SAFE
666,0,0.01,SAFE
667,0,0.01,SAFE
668,0,0.01,SAFE
669,0,0.01,SAFE
670,0,0.01,SAFE
671,0,0.01,SAFE
672,0,0.01,SAFE
673,0,0.01,SAFE
674,0,0.01,SAFE
675,0,0.01,SAFE
676,0,0.01,SAFE
677,0,0.01,SAFE
678,0,0.01,SAFE
679,0,0.01,SAFE
680,0,0.01,SAFE
681,0,0.01,SAFE
682,0,0.01,SAFE
683,0,0.01,SAFE
684,0,0.01,SAFE
685,0,0.01,SAFE
686,0,0.01,SAFE
687,0,0.01,SAFE
688,0,0.01,SAFE
689,0,0.01,SAFE
690,0,0.01,SAFE
691,0,0.01,SAFE
692,0,0.01,SAFE
693,0,0.01,SAFE
694,0,0.01,SAFE
695,0,0.01,SAFE
696,0,0.01,SAFE
697,0,0.01,SAFE
698,0,0.01,SAFE
699,0,0.01,SAFE
700,0,0.01,SAFE
701,0,0.01,SAFE
702,0,0.01,SAFE
703,0,0.01,SAFE
704,0,0.01,SAFE
705,0,0.01,SAFE
706,0,0.01,SAFE
707,0,0.01,SAFE
708,0,0.01,SAFE
709,0,0.01,SAFE
710,0,0.01,SAFE
711,0,0.01,SAFE
712,0,0.01,SAFE
713,0,0.01,SAFE
714,0,0.01,SAFE
715,0,0.01,SAFE
716,0,0.01,SAFE
717,0,0.01,SAFE
718,0,0.01,SAFE
719,0,0.01,SAFE
720,0,0.01,SAFE
721,0,0.01,SAFE
722,0,0.01,SAFE
723,0,0.01,SAFE
724,0,0.01,SAFE
725,0,0.01,SAFE
726,0,0.01,SAFE
727,0,0.01,SAFE
728,0,0.01,SAFE
729,0,0.01,SAFE
730,0,0.01,SAFE
731,0,0.01,SAFE
732,0,0.01,SAFE
733,0,0.01,SAFE
734,0,0.01,SAFE
735,0,0.01,SAFE
736,0,0.01,SAFE
737,0,0.01,SAFE
738,0,0.01,SAFE
739,0,0.01,SAFE
740,1,100.0,HIGH RISK
741,0,0.01,SAFE
742,0,0.01,SAFE
743,0,0.01,SAFE
744,0,0.01,SAFE
745,0,0.01,SAFE
746,0,0.01,SAFE
747,0,0.01,SAFE
748,0,0.01,SAFE
749,0,0.01,SAFE
750,0,0.01,SAFE
751,0,0.01,SAFE
752,0,0.01,SAFE
753,0,0.01,SAFE
754,0,0.01,SAFE
755,0,0.01,SAFE
756,0,0.01,SAFE
757,0,0.01,SAFE
758,0,0.01,SAFE
759,0,0.01,SAFE
760,0,0.01,SAFE
761,0,0.01,SAFE
762,0,0.01,SAFE
763,0,0.01,SAFE
764,0,0.01,SAFE
765,0,0.01,SAFE
766,0,0.01,SAFE
767,0,0.01,SAFE
768,0,0.01,SAFE
769,0,0.01,SAFE
770,0,0.01,SAFE
771,0,0.01,SAFE
772,0,0.01,SAFE
773,0,0.01,SAFE
774,0,0.01,SAFE
775,0,0.01,SAFE
776,0,0.01,SAFE
777,0,0.01,SAFE
778,0,0.01,SAFE
779,0,0.01,SAFE
780,0,0.01,SAFE
781,0,0.01,SAFE
782,0,0.01,SAFE
783,0,0.01,SAFE
784,0,0.01,SAFE
785,0,0.01,SAFE
786,0,0.01,SAFE
787,0,0.01,SAFE
788,0,0.01,SAFE
789,0,0.01,SAFE
790,0,0.01,SAFE
791,0,0.01,SAFE
792,0,0.01,SAFE
793,0,0.01,SAFE
794,0,0.01,SAFE
795,0,0.01,SAFE
796,0,0.01,SAFE
797,0,0.01,SAFE
798,0,0.01,SAFE
799,0,0.01,SAFE
800,0,0.01,SAFE
801,0,0.01,SAFE
802,0,0.01,SAFE
803,0,0.01,SAFE
804,0,0.01,SAFE
805,0,0.01,SAFE
806,0,0.01,SAFE
807,0,0.01,SAFE
808,0,0.01,SAFE
809,0,0.01,SAFE
810,0,0.01,SAFE
811,0,0.01,SAFE
812,0,0.01,SAFE
813,0,0.01,SAFE
814,0,0.01,SAFE
815,0,0.01,SAFE
816,0,0.01,SAFE
817,0,0.01,SAFE
818,0,0.01,SAFE
819,0,0.01,SAFE
820,0,0.01,SAFE
821,0,0.01,SAFE
822,0,0.01,SAFE
823,0,0.01,SAFE
824,0,0.01,SAFE
825,0,0.01,SAFE
826,0,0.01,SAFE
827,0,0.01,SAFE
828,0,0.01,SAFE
829,0,0.01,SAFE
830,0,0.01,SAFE
831,1,100.0,HIGH RISK
832,0,0.01,SAFE
833,0,0.01,SAFE
834,0,0.01,SAFE
835,0,0.01,SAFE
836,0,0.01,SAFE
837,0,0.01,SAFE
838,0,0.01,SAFE
839,0,0.01,SAFE
840,0,0.01,SAFE
841,0,0.01,SAFE
842,0,0.01,SAFE
843,0,0.01,SAFE
844,0,0.01,SAFE
845,0,0.01,SAFE
846,1,100.0,HIGH RISK
847,0,0.01,SAFE
848,0,0.01,SAFE
849,0,0.01,SAFE
850,0,0.01,SAFE
851,0,0.01,SAFE
852,0,0.01,SAFE
853,0,0.01,SAFE
854,0,0.01,SAFE
855,0,0.01,SAFE
856,1,100.0,HIGH RISK
857,0,0.01,SAFE
858,0,0.01,SAFE
859,0,0.01,SAFE
860,0,0.01,SAFE
861,0,0.01,SAFE
862,0,0.01,SAFE
863,0,0.01,SAFE
864,0,0.01,SAFE
865,0,0.01,SAFE
866,0,0.01,SAFE
867,0,0.01,SAFE
868,0,0.01,SAFE
869,0,0.01,SAFE
870,0,0.01,SAFE
871,0,0.01,SAFE
872,0,0.01,SAFE
873,0,0.01,SAFE
874,0,0.01,SAFE
875,0,0.01,SAFE
876,0,0.01,SAFE
877,0,0.01,SAFE
878,0,0.01,SAFE
879,0,0.01,SAFE
880,0,0.01,SAFE
881,0,0.01,SAFE
882,0,0.01,SAFE
883,0,0.01,SAFE
884,0,0.01,SAFE
885,0,0.01,SAFE
886,0,0.01,SAFE
887,0,0.01,SAFE
888,0,0.01,SAFE
889,0,0.01,SAFE
890,0,0.01,SAFE
891,0,0.01,SAFE
892,0,0.01,SAFE
893,0,0.01,SAFE
894,0,0.01,SAFE
895,0,0.01,SAFE
896,0,0.01,SAFE
897,0,0.01,SAFE
898,0,0.01,SAFE
899,0,0.01,SAFE
900,0,0.01,SAFE
901,0,0.01,SAFE
902,0,0.01,SAFE
903,0,0.01,SAFE
904,0,0.01,SAFE
905,0,0.01,SAFE
906,0,0.01,SAFE
907,0,0.01,SAFE
908,0,0.01,SAFE
909,0,0.01,SAFE
910,0,0.01,SAFE
911,0,0.01,SAFE
912,0,0.01,SAFE
913,0,0.01,SAFE
914,0,0.01,SAFE
915,0,0.01,SAFE
916,0,0.01,SAFE
917,0,0.01,SAFE
918,0,0.01,SAFE
919,0,0.01,SAFE
920,0,0.01,SAFE
921,0,0.01,SAFE
922,0,0.01,SAFE
923,0,0.01,SAFE
924,0,0.01,SAFE
925,0,0.01,SAFE
926,0,0.01,SAFE
927,0,0.01,SAFE
928,0,0.01,SAFE
929,0,0.01,SAFE
930,0,0.01,SAFE
931,0,0.01,SAFE
932,0,0.01,SAFE
933,0,0.01,SAFE
934,0,0.01,SAFE
935,0,0.01,SAFE
936,0,0.01,SAFE
937,0,0.01,SAFE
938,0,0.01,SAFE
939,0,0.01,SAFE
940,0,0.01,SAFE
941,0,0.01,SAFE
942,0,0.01,SAFE
943,0,0.01,SAFE
944,0,0.01,SAFE
945,0,0.01,SAFE
946,0,0.01,SAFE
947,0,0.01,SAFE
948,0,0.01,SAFE
949,0,0.01,SAFE
950,0,0.01,SAFE
951,0,0.01,SAFE
952,0,0.01,SAFE
953,0,0.01,SAFE
954,0,0.01,SAFE
955,0,0.01,SAFE
956,0,0.01,SAFE
957,0,0.01,SAFE
958,0,0.01,SAFE
959,0,0.01,SAFE
960,0,0.01,SAFE
961,0,0.01,SAFE
962,0,0.01,SAFE
963,0,0.01,SAFE
964,0,0.01,SAFE
965,0,0.01,SAFE
966,0,0.01,SAFE
967,0,0.01,SAFE
968,0,0.01,SAFE
969,0,0.01,SAFE
970,0,0.01,SAFE
971,0,0.01,SAFE
972,0,0.01,SAFE
973,0,0.01,SAFE
974,0,0.01,SAFE
975,0,0.01,SAFE
976,0,0.01,SAFE
977,0,0.01,SAFE
978,0,0.01,SAFE
979,0,0.01,SAFE
980,0,0.01,SAFE
981,0,0.01,SAFE
982,0,0.01,SAFE
983,0,0.01,SAFE
984,0,0.01,SAFE
985,0,0.01,SAFE
986,0,0.01,SAFE
987,0,0.01,SAFE
988,0,0.01,SAFE
989,0,0.01,SAFE
990,0,0.01,SAFE
991,0,0.01,SAFE
992,0,0.01,SAFE
993,0,0.01,SAFE
994,0,0.01,SAFE
995,0,0.01,SAFE
996,0,0.01,SAFE
997,1,100.0,HIGH RISK
998,0,0.01,SAFE
999,0,0.01,SAFE
1000,0,0.01,SAFE
1001,0,0.01,SAFE
1002,0,0.01,SAFE
1003,0,0.01,SAFE
1004,0,0.01,SAFE
1005,0,0.01,SAFE
1006,0,0.01,SAFE
1007,0,0.01,SAFE
1008,0,0.01,SAFE
1009,0,0.01,SAFE
1010,0,0.01,SAFE
1011,0,0.01,SAFE
1012,0,0.01,SAFE
1013,0,0.01,SAFE
1014,0,0.01,SAFE
1015,0,0.01,SAFE
1016,0,0.01,SAFE
1017,0,0.01,SAFE
1018,0,0.01,SAFE
1019,0,0.01,SAFE
1020,0,0.01,SAFE
1021,0,0.01,SAFE
1022,0,0.01,SAFE
1023,0,0.01,SAFE
1024,0,0.01,SAFE
1025,0,0.01,SAFE
1026,0,0.01,SAFE
1027,0,0.01,SAFE
1028,0,0.01,SAFE
1029,0,0.01,SAFE
1030,0,0.01,SAFE
1031,0,0.01,SAFE
1032,0,0.01,SAFE
1033,0,0.01,SAFE
1034,0,0.01,SAFE
1035,0,0.01,SAFE
1036,0,0.01,SAFE
1037,0,0.01,SAFE
1038,0,0.01,SAFE
1039,0,0.01,SAFE
1040,0,0.01,SAFE
1041,0,0.01,SAFE
1042,0,0.01,SAFE
1043,0,0.01,SAFE
1044,0,0.01,SAFE
1045,0,0.01,SAFE
1046,0,0.01,SAFE
1047,0,0.01,SAFE
1048,0,0.01,SAFE
1049,0,0.01,SAFE
1050,0,0.01,SAFE
1051,0,0.01,SAFE
1052,0,0.01,SAFE
1053,0,0.01,SAFE
1054,0,0.01,SAFE
1055,0,0.01,SAFE
1056,0,0.01,SAFE
1057,0,0.01,SAFE
1058,0,0.01,SAFE
1059,0,0.01,SAFE
1060,0,0.01,SAFE
1061,0,0.01,SAFE
1062,0,0.01,SAFE
1063,0,0.01,SAFE
1064,0,0.01,SAFE
1065,0,0.01,SAFE
1066,0,0.01,SAFE
1067,0,0.01,SAFE
1068,0,0.01,SAFE
1069,0,0.01,SAFE
1070,0,0.01,SAFE
1071,0,0.01,SAFE
1072,0,0.01,SAFE
1073,0,0.01,SAFE
1074,0,0.01,SAFE
1075,0,0.01,SAFE
1076,0,0.01,SAFE
1077,0,0.01,SAFE
1078,0,0.01,SAFE
1079,0,0.01,SAFE
1080,0,0.01,SAFE
1081,0,0.01,SAFE
1082,0,0.01,SAFE
1083,0,0.01,SAFE
1084,0,0.01,SAFE
1085,0,0.01,SAFE
1086,0,0.01,SAFE
1087,0,0.01,SAFE
1088,0,0.01,SAFE
1089,0,0.01,SAFE
1090,0,0.01,SAFE
1091,0,0.01,SAFE
1092,0,0.01,SAFE
1093,0,0.01,SAFE
1094,0,0.01,SAFE
1095,0,0.01,SAFE
1096,0,0.01,SAFE
1097,0,0.01,SAFE
1098,0,0.01,SAFE
1099,0,0.01,SAFE
1100,0,0.01,SAFE
1101,0,0.01,SAFE
1102,0,0.01,SAFE
1103,1,100.0,HIGH RISK
1104,0,0.01,SAFE
1105,0,0.01,SAFE
1106,0,0.01,SAFE
1107,1,100.0,HIGH RISK
1108,0,0.01,SAFE
1109,0,0.01,SAFE
1110,0,0.01,SAFE
1111,0,0.01,SAFE
1112,0,0.01,SAFE
1113,0,0.01,SAFE
1114,0,0.01,SAFE
1115,0,0.01,SAFE
1116,0,0.01,SAFE
1117,0,0.01,SAFE
1118,0,0.01,SAFE
1119,0,0.01,SAFE
1120,0,0.01,SAFE
1121,0,0.01,SAFE
1122,0,0.01,SAFE
1123,0,0.01,SAFE
1124,0,0.01,SAFE
1125,0,0.01,SAFE
1126,0,0.01,SAFE
1127,0,0.01,SAFE
1128,0,0.01,SAFE
1129,0,0.01,SAFE
1130,0,0.01,SAFE
1131,0,0.01,SAFE
1132,0,0.01,SAFE
1133,1,100.0,HIGH RISK
1134,0,0.01,SAFE
1135,0,0.01,SAFE
1136,0,0.01,SAFE
1137,0,0.01,SAFE
1138,0,0.01,SAFE
1139,0,0.01,SAFE
1140,0,0.01,SAFE
1141,0,0.01,SAFE
1142,0,0.01,SAFE
1143,0,0.01,SAFE
1144,0,0.01,SAFE
1145,0,0.01,SAFE
1146,0,0.01,SAFE
1147,0,0.01,SAFE
1148,0,0.01,SAFE
1149,0,0.01,SAFE
1150,0,0.01,SAFE
1151,0,0.01,SAFE
1152,0,0.01,SAFE
1153,0,0.01,SAFE
1154,0,0.01,SAFE
1155,0,0.01,SAFE
1156,0,0.01,SAFE
1157,0,0.01,SAFE
1158,0,0.01,SAFE
1159,0,0.01,SAFE
1160,0,0.01,SAFE
1161,0,0.01,SAFE
1162,0,0.01,SAFE
1163,0,0.01,SAFE
1164,0,0.01,SAFE
1165,0,0.01,SAFE
1166,0,0.01,SAFE
1167,0,0.01,SAFE
1168,0,0.01,SAFE
1169,0,0.01,SAFE
1170,0,0.01,SAFE
1171,0,0.01,SAFE
1172,0,0.01,SAFE
1173,0,0.01,SAFE
1174,0,0.01,SAFE
1175,0,0.01,SAFE
1176,0,0.01,SAFE
1177,0,0.01,SAFE
1178,0,0.01,SAFE
1179,0,0.01,SAFE
1180,0,0.01,SAFE
1181,0,0.01,SAFE
1182,0,0.01,SAFE
1183,0,0.01,SAFE
1184,0,0.01,SAFE
1185,0,0.01,SAFE
1186,0,0.01,SAFE
1187,0,0.01,SAFE
1188,0,0.01,SAFE
1189,0,0.01,SAFE
1190,0,0.01,SAFE
1191,0,0.01,SAFE
1192,0,0.01,SAFE
1193,0,0.01,SAFE
1194,0,0.01,SAFE
1195,0,0.01,SAFE
1196,0,0.01,SAFE
1197,0,0.01,SAFE
1198,0,0.01,SAFE
1199,0,0.01,SAFE
1200,0,0.01,SAFE
1201,0,0.01,SAFE
1202,0,0.01,SAFE
1203,0,0.01,SAFE
1204,0,0.01,SAFE
1205,0,0.01,SAFE
1206,0,0.01,SAFE
1207,0,0.01,SAFE
1208,0,0.01,SAFE
1209,0,0.01,SAFE
1210,0,0.01,SAFE
1211,0,0.01,SAFE
1212,0,0.01,SAFE
1213,0,0.01,SAFE
1214,0,0.01,SAFE
1215,0,0.01,SAFE
1216,0,0.01,SAFE
1217,0,0.01,SAFE
1218,0,0.01,SAFE
1219,0,0.01,SAFE
1220,0,0.01,SAFE
1221,0,0.01,SAFE
1222,0,0.01,SAFE
1223,0,0.01,SAFE
1224,0,0.01,SAFE
1225,0,0.01,SAFE
1226,0,0.01,SAFE
1227,0,0.01,SAFE
1228,0,0.01,SAFE
1229,0,0.01,SAFE
1230,0,0.01,SAFE
1231,0,0.01,SAFE
1232,0,0.01,SAFE
1233,0,0.01,SAFE
1234,0,0.01,SAFE
1235,0,0.01,SAFE
1236,0,0.01,SAFE
1237,0,0.01,SAFE
1238,0,0.01,SAFE
1239,0,0.01,SAFE
1240,0,0.01,SAFE
1241,0,0.01,SAFE
1242,0,0.01,SAFE
1243,0,0.01,SAFE
1244,0,0.01,SAFE
1245,0,0.01,SAFE
1246,0,0.01,SAFE
1247,0,0.01,SAFE
1248,0,0.01,SAFE
1249,0,0.01,SAFE
1250,0,0.01,SAFE
1251,0,0.01,SAFE
1252,0,0.01,SAFE
1253,0,0.01,SAFE
1254,0,0.01,SAFE
1255,0,0.01,SAFE
1256,0,0.01,SAFE
1257,0,0.01,SAFE
1258,0,0.01,SAFE
1259,0,0.01,SAFE
1260,0,0.01,SAFE
1261,0,0.01,SAFE
1262,0,0.01,SAFE
1263,0,0.01,SAFE
1264,0,0.01,SAFE
1265,0,0.01,SAFE
1266,0,0.01,SAFE
1267,0,0.01,SAFE
1268,0,0.01,SAFE
1269,0,0.01,SAFE
1270,0,0.01,SAFE
1271,0,0.01,SAFE
1272,0,0.01,SAFE
1273,1,100.0,HIGH RISK
1274,0,0.01,SAFE
1275,0,0.01,SAFE
1276,0,0.01,SAFE
1277,0,0.01,SAFE
1278,0,0.01,SAFE
1279,0,0.01,SAFE
1280,0,0.01,SAFE
1281,0,0.01,SAFE
1282,0,0.01,SAFE
1283,1,100.0,HIGH RISK
1284,0,0.01,SAFE
1285,0,0.01,SAFE
1286,0,0.01,SAFE
1287,0,0.01,SAFE
1288,0,0.01,SAFE
1289,0,0.01,SAFE
1290,0,0.01,SAFE
1291,0,0.01,SAFE
1292,0,0.01,SAFE
1293,0,0.01,SAFE
1294,0,0.01,SAFE
1295,0,0.01,SAFE
1296,0,0.01,SAFE
1297,0,0.01,SAFE
1298,0,0.01,SAFE
1299,0,0.01,SAFE
1300,0,0.01,SAFE
1301,0,0.01,SAFE
1302,0,0.01,SAFE
1303,0,0.01,SAFE
1304,0,0.01,SAFE
1305,0,0.01,SAFE
1306,0,0.01,SAFE
1307,0,0.01,SAFE
1308,0,0.01,SAFE
1309,0,0.01,SAFE
1310,0,0.01,SAFE
1311,0,0.01,SAFE
1312,0,0.01,SAFE
1313,0,0.01,SAFE
1314,0,0.01,SAFE
1315,0,0.01,SAFE
1316,0,0.01,SAFE
1317,0,0.01,SAFE
1318,0,0.01,SAFE
1319,0,0.01,SAFE
1320,0,0.01,SAFE
1321,0,0.01,SAFE
1322,0,0.01,SAFE
1323,0,0.01,SAFE
1324,0,0.01,SAFE
1325,0,0.01,SAFE
1326,0,0.01,SAFE
1327,0,0.01,SAFE
1328,0,0.01,SAFE
1329,0,0.01,SAFE
1330,0,0.01,SAFE
1331,0,0.01,SAFE
1332,0,0.01,SAFE
1333,0,0.01,SAFE
1334,0,0.01,SAFE
1335,0,0.01,SAFE
1336,0,0.01,SAFE
1337,0,0.01,SAFE
1338,0,0.01,SAFE
1339,0,0.01,SAFE
1340,0,0.01,SAFE
1341,0,0.01,SAFE
1342,0,0.01,SAFE
1343,0,0.01,SAFE
1344,0,0.01,SAFE
1345,0,0.01,SAFE
1346,0,0.01,SAFE
1347,0,0.01,SAFE
1348,0,0.01,SAFE
1349,0,0.01,SAFE
1350,0,0.01,SAFE
1351,0,0.01,SAFE
1352,0,0.01,SAFE
1353,0,0.01,SAFE
1354,0,0.01,SAFE
1355,0,0.01,SAFE
1356,0,0.01,SAFE
1357,0,0.01,SAFE
1358,0,0.01,SAFE
1359,0,0.01,SAFE
1360,0,0.01,SAFE
1361,0,0.01,SAFE
1362,0,0.01,SAFE
1363,0,0.01,SAFE
1364,0,0.01,SAFE
1365,0,0.01,SAFE
1366,0,0.01,SAFE
1367,0,0.01,SAFE
1368,0,0.01,SAFE
1369,0,0.01,SAFE
1370,0,0.01,SAFE
1371,0,0.01,SAFE
1372,0,0.01,SAFE
1373,0,0.01,SAFE
1374,0,0.01,SAFE
1375,0,0.01,SAFE
1376,0,0.01,SAFE
1377,0,0.01,SAFE
1378,0,0.01,SAFE
1379,0,0.01,SAFE
1380,0,0.01,SAFE
1381,0,0.01,SAFE
1382,0,0.01,SAFE
1383,0,0.01,SAFE
1384,0,0.01,SAFE
1385,0,0.01,SAFE
1386,0,0.01,SAFE
1387,0,0.01,SAFE
1388,0,0.01,SAFE
1389,0,0.01,SAFE
1390,0,0.01,SAFE
1391,0,0.01,SAFE
1392,0,0.01,SAFE
1393,0,0.01,SAFE
1394,0,0.01,SAFE
1395,0,0.01,SAFE
1396,0,0.01,SAFE
1397,0,0.01,SAFE
1398,0,0.01,SAFE
1399,0,0.01,SAFE
1400,0,0.01,SAFE
1401,0,0.01,SAFE
1402,0,0.01,SAFE
1403,0,0.01,SAFE
1404,0,0.01,SAFE
1405,0,0.01,SAFE
1406,0,0.01,SAFE
1407,0,0.01,SAFE
1408,0,0.01,SAFE
1409,0,0.01,SAFE
1410,0,0.01,SAFE
1411,0,0.01,SAFE
1412,0,0.01,SAFE
1413,0,0.01,SAFE
1414,0,0.01,SAFE
1415,0,0.01,SAFE
1416,0,0.01,SAFE
1417,0,0.01,SAFE
1418,0,0.01,SAFE
1419,0,0.01,SAFE
1420,0,0.01,SAFE
1421,0,0.01,SAFE
1422,0,0.01,SAFE
1423,0,0.01,SAFE
1424,0,0.01,SAFE
1425,0,0.01,SAFE
1426,0,0.01,SAFE
1427,0,0.01,SAFE
1428,0,0.01,SAFE
1429,0,0.01,SAFE
1430,0,0.01,SAFE
1431,0,0.01,SAFE
1432,0,0.01,SAFE
1433,0,0.01,SAFE
1434,0,0.01,SAFE
1435,0,0.01,SAFE
1436,0,0.01,SAFE
1437,0,0.01,SAFE
1438,0,0.01,SAFE
1439,0,0.01,SAFE
1440,0,0.01,SAFE
1441,0,0.01,SAFE
1442,0,0.01,SAFE
1443,0,0.01,SAFE
1444,0,0.01,SAFE
1445,0,0.01,SAFE
1446,0,0.01,SAFE
1447,0,0.01,SAFE
1448,0,0.01,SAFE
1449,0,0.01,SAFE
1450,0,0.01,SAFE
1451,0,0.01,SAFE
1452,0,0.01,SAFE
1453,0,0.01,SAFE
1454,0,0.01,SAFE
1455,0,0.01,SAFE
1456,0,0.01,SAFE
1457,0,0.01,SAFE
1458,0,0.01,SAFE
1459,0,0.01,SAFE
1460,1,100.0,HIGH RISK
1461,0,0.01,SAFE
1462,0,0.01,SAFE
1463,0,0.01,SAFE
1464,0,0.01,SAFE
1465,0,0.01,SAFE
1466,0,0.01,SAFE
1467,0,0.01,SAFE
1468,0,0.01,SAFE
1469,0,0.01,SAFE
1470,0,0.01,SAFE
1471,0,0.01,SAFE
1472,0,0.01,SAFE
1473,0,0.01,SAFE
1474,0,0.01,SAFE
1475,0,0.01,SAFE
1476,0,0.01,SAFE
1477,0,0.01,SAFE
1478,0,0.01,SAFE
1479,0,0.01,SAFE
1480,0,0.01,SAFE
1481,0,0.01,SAFE
1482,0,0.01,SAFE
1483,0,0.01,SAFE
1484,0,0.01,SAFE
1485,0,0.01,SAFE
1486,0,0.01,SAFE
1487,0,0.01,SAFE
1488,0,0.01,SAFE
1489,0,0.01,SAFE
1490,0,0.01,SAFE
1491,0,0.01,SAFE
1492,0,0.01,SAFE
1493,0,0.01,SAFE
1494,0,0.01,SAFE
1495,0,0.01,SAFE
1496,1,100.0,HIGH RISK
1497,0,0.01,SAFE
1498,0,0.01,SAFE
1499,0,0.01,SAFE
1500,0,0.01,SAFE
1501,0,0.01,SAFE
1502,0,0.01,SAFE
1503,0,0.01,SAFE
1504,0,0.01,SAFE
1505,0,0.01,SAFE
1506,0,0.01,SAFE
1507,0,0.01,SAFE
1508,0,0.01,SAFE
1509,0,0.01,SAFE
1510,0,0.01,SAFE
1511,0,0.01,SAFE
1512,0,0.01,SAFE
1513,0,0.01,SAFE
1514,0,0.01,SAFE
1515,0,0.01,SAFE
1516,0,0.01,SAFE
1517,0,0.01,SAFE
1518,0,0.01,SAFE
1519,0,0.01,SAFE
1520,0,0.01,SAFE
1521,0,0.01,SAFE
1522,0,0.01,SAFE
1523,0,0.01,SAFE
1524,0,0.01,SAFE
1525,0,0.01,SAFE
1526,0,0.01,SAFE
1527,0,0.01,SAFE
1528,0,0.01,SAFE
1529,0,0.01,SAFE
1530,0,0.01,SAFE
1531,0,0.01,SAFE
1532,0,0.01,SAFE
1533,0,0.01,SAFE
1534,0,0.01,SAFE
1535,0,0.01,SAFE
1536,0,0.01,SAFE
1537,0,0.01,SAFE
1538,0,0.01,SAFE
1539,0,0.01,SAFE
1540,0,0.01,SAFE
1541,0,0.01,SAFE
1542,0,0.01,SAFE
1543,0,0.01,SAFE
1544,0,0.01,SAFE
1545,0,0.01,SAFE
1546,0,0.01,SAFE
1547,0,0.01,SAFE
1548,0,0.01,SAFE
1549,0,0.01,SAFE
1550,0,0.01,SAFE
1551,0,0.01,SAFE
1552,0,0.01,SAFE
1553,0,0.01,SAFE
1554,0,0.01,SAFE
1555,0,0.01,SAFE
1556,0,0.01,SAFE
1557,0,0.01,SAFE
1558,0,0.01,SAFE
1559,0,0.01,SAFE
1560,0,0.01,SAFE
1561,0,0.01,SAFE
1562,0,0.01,SAFE
1563,0,0.01,SAFE
1564,0,0.01,SAFE
1565,0,0.01,SAFE
1566,0,0.01,SAFE
1567,0,0.01,SAFE
1568,0,0.01,SAFE
1569,0,0.01,SAFE
1570,0,0.01,SAFE
1571,0,0.01,SAFE
1572,0,0.01,SAFE
1573,0,0.01,SAFE
1574,0,0.01,SAFE
1575,0,0.01,SAFE
1576,0,0.01,SAFE
1577,0,0.01,SAFE
1578,0,0.01,SAFE
1579,0,0.01,SAFE
1580,0,0.01,SAFE
1581,0,0.01,SAFE
1582,0,0.01,SAFE
1583,0,0.01,SAFE
1584,0,0.01,SAFE
1585,0,0.01,SAFE
1586,0,0.01,SAFE
1587,0,0.01,SAFE
1588,0,0.01,SAFE
1589,0,0.01,SAFE
1590,0,0.01,SAFE
1591,0,0.01,SAFE
1592,0,0.01,SAFE
1593,0,0.01,SAFE
1594,0,0.01,SAFE
1595,0,0.01,SAFE
1596,0,0.01,SAFE
1597,0,0.01,SAFE
1598,0,0.01,SAFE
1599,0,0.01,SAFE
1600,0,0.01,SAFE
1601,0,0.01,SAFE
1602,0,0.01,SAFE
1603,0,0.01,SAFE
1604,0,0.01,SAFE
1605,0,0.01,SAFE
1606,0,0.01,SAFE
1607,0,0.01,SAFE
1608,0,0.01,SAFE
1609,0,0.01,SAFE
1610,0,0.01,SAFE
1611,0,0.01,SAFE
1612,0,0.01,SAFE
1613,0,0.01,SAFE
1614,0,0.01,SAFE
1615,0,0.01,SAFE
1616,0,0.01,SAFE
1617,0,0.01,SAFE
1618,0,0.01,SAFE
1619,0,0.01,SAFE
1620,0,0.01,SAFE
1621,0,0.01,SAFE
1622,0,0.01,SAFE
1623,0,0.01,SAFE
1624,0,0.01,SAFE
1625,0,0.01,SAFE
1626,0,0.01,SAFE
1627,0,0.01,SAFE
1628,0,0.01,SAFE
1629,0,0.01,SAFE
1630,0,0.01,SAFE
1631,0,0.01,SAFE
1632,0,0.01,SAFE
1633,0,0.01,SAFE
1634,0,0.01,SAFE
1635,0,0.01,SAFE
1636,0,0.01,SAFE
1637,0,0.01,SAFE
1638,0,0.01,SAFE
1639,0,0.01,SAFE
1640,0,0.01,SAFE
1641,0,0.01,SAFE
1642,0,0.01,SAFE
1643,0,0.01,SAFE
1644,0,0.01,SAFE
1645,0,0.01,SAFE
1646,0,0.01,SAFE
1647,0,0.01,SAFE
1648,0,0.01,SAFE
1649,0,0.01,SAFE
1650,0,0.01,SAFE
1651,0,0.01,SAFE
1652,0,0.01,SAFE
1653,0,0.01,SAFE
1654,0,0.01,SAFE
1655,0,0.01,SAFE
1656,0,0.01,SAFE
1657,0,0.01,SAFE
1658,0,0.01,SAFE
1659,0,0.01,SAFE
1660,0,0.01,SAFE
1661,0,0.01,SAFE
1662,0,0.01,SAFE
1663,0,0.01,SAFE
1664,0,0.01,SAFE
1665,0,0.01,SAFE
1666,0,0.01,SAFE
1667,0,0.01,SAFE
1668,0,0.01,SAFE
1669,0,0.01,SAFE
1670,0,0.01,SAFE
1671,0,0.01,SAFE
1672,0,0.01,SAFE
1673,0,0.01,SAFE
1674,0,0.01,SAFE
1675,0,0.01,SAFE
1676,0,0.01,SAFE
1677,0,0.01,SAFE
1678,0,0.01,SAFE
1679,0,0.01,SAFE
1680,0,0.01,SAFE
1681,0,0.01,SAFE
1682,0,0.01,SAFE
1683,0,0.01,SAFE
1684,0,0.01,SAFE
1685,0,0.01,SAFE
1686,0,0.01,SAFE
1687,0,0.01,SAFE
1688,0,0.01,SAFE
1689,0,0.01,SAFE
1690,0,0.01,SAFE
1691,0,0.01,SAFE
1692,0,0.01,SAFE
1693,0,0.01,SAFE
1694,0,0.01,SAFE
1695,0,0.01,SAFE
1696,0,0.01,SAFE
1697,0,0.01,SAFE
1698,0,0.01,SAFE
1699,0,0.01,SAFE
1700,0,0.01,SAFE
1701,0,0.01,SAFE
1702,0,0.01,SAFE
1703,0,0.01,SAFE
1704,0,0.01,SAFE
1705,0,0.01,SAFE
1706,0,0.01,SAFE
1707,0,0.01,SAFE
1708,0,0.01,SAFE
1709,0,0.01,SAFE
1710,0,0.01,SAFE
1711,0,0.01,SAFE
1712,0,0.01,SAFE
1713,0,0.01,SAFE
1714,0,0.01,SAFE
1715,0,0.01,SAFE
1716,0,0.01,SAFE
1717,0,0.01,SAFE
1718,0,0.01,SAFE
1719,0,0.01,SAFE
1720,0,0.01,SAFE
1721,0,0.01,SAFE
1722,0,0.01,SAFE
1723,0,0.01,SAFE
1724,0,0.01,SAFE
1725,0,0.01,SAFE
1726,0,0.01,SAFE
1727,0,0.01,SAFE
1728,0,0.01,SAFE
1729,0,0.01,SAFE
1730,0,0.01,SAFE
1731,0,0.01,SAFE
1732,0,0.01,SAFE
1733,0,0.01,SAFE
1734,0,0.01,SAFE
1735,0,0.01,SAFE
1736,0,0.01,SAFE
1737,0,0.01,SAFE
1738,0,0.01,SAFE
1739,0,0.01,SAFE
1740,0,0.01,SAFE
1741,0,0.01,SAFE
1742,0,0.01,SAFE
1743,0,0.01,SAFE
1744,0,0.01,SAFE
1745,0,0.01,SAFE
1746,0,0.01,SAFE
1747,0,0.01,SAFE
1748,0,0.01,SAFE
1749,0,0.01,SAFE
1750,0,0.01,SAFE
1751,0,0.01,SAFE
1752,0,0.01,SAFE
1753,0,0.01,SAFE
1754,0,0.01,SAFE
1755,0,0.01,SAFE
1756,0,0.01,SAFE
1757,0,0.01,SAFE
1758,0,0.01,SAFE
1759,0,0.01,SAFE
1760,0,0.01,SAFE
1761,0,0.01,SAFE
1762,0,0.01,SAFE
1763,0,0.01,SAFE
1764,0,0.01,SAFE
1765,0,0.01,SAFE
1766,0,0.01,SAFE
1767,0,0.01,SAFE
1768,0,0.01,SAFE
1769,0,0.01,SAFE
1770,0,0.01,SAFE
1771,0,0.01,SAFE
1772,0,0.01,SAFE
1773,0,0.01,SAFE
1774,0,0.01,SAFE
1775,0,0.01,SAFE
1776,0,0.01,SAFE
1777,0,0.01,SAFE
1778,0,0.01,SAFE
1779,0,0.01,SAFE
1780,0,0.01,SAFE
1781,0,0.01,SAFE
1782,0,0.01,SAFE
1783,0,0.01,SAFE
1784,0,0.01,SAFE
1785,0,0.01,SAFE
1786,0,0.01,SAFE
1787,0,0.01,SAFE
1788,0,0.01,SAFE
1789,0,0.01,SAFE
1790,0,0.01,SAFE
1791,0,0.01,SAFE
1792,0,0.01,SAFE
1793,0,0.01,SAFE
1794,0,0.01,SAFE
1795,0,0.01,SAFE
1796,0,0.01,SAFE
1797,0,0.01,SAFE
1798,0,0.01,SAFE
1799,0,0.01,SAFE
1800,0,0.01,SAFE
1801,0,0.01,SAFE
1802,0,0.01,SAFE
1803,0,0.01,SAFE
1804,0,0.01,SAFE
1805,0,0.01,SAFE
1806,0,0.01,SAFE
1807,0,0.01,SAFE
1808,0,0.01,SAFE
1809,0,0.01,SAFE
1810,0,0.01,SAFE
1811,0,0.01,SAFE
1812,0,0.01,SAFE
1813,0,0.01,SAFE
1814,0,0.01,SAFE
1815,0,0.01,SAFE
1816,0,0.01,SAFE
